model,p3_threshold,p0_threshold,accuracy,balanced_accuracy,macro_f1,weighted_f1,critical_errors,critical_error_rate,false_alarms,false_alarm_rate,red_to_yellow_rate,green_to_yellow_rate
hgb,0.7,0.4,0.83632945599812,0.8875714575177068,0.7982870065462333,0.8580132717902462,31,2.4294670846394983,146,2.669104204753199,3.8401253918495297,18.683729433272394
hgb,0.7,0.45,0.8358594759722712,0.8875427280772127,0.7983950668473885,0.8581085622798219,31,2.4294670846394983,148,2.705667276051188,3.8401253918495297,18.647166361974406
hgb,0.7,0.5,0.8350370109270356,0.8864599872885895,0.7977377609764129,0.8578828480889618,31,2.4294670846394983,150,2.742230347349177,3.8401253918495297,18.610603290676416
hgb,0.7,0.55,0.8340970508753378,0.8847505855791878,0.7963618124037171,0.8572456567828232,31,2.4294670846394983,150,2.742230347349177,3.8401253918495297,18.610603290676416
hgb,0.7,0.6,0.8328046058042533,0.8828131439358639,0.7947002242880676,0.8563922562684776,31,2.4294670846394983,151,2.760511882998172,3.8401253918495297,18.59232175502742
hgb,0.7,0.65,0.8309246857008578,0.8798073262241638,0.792269576621563,0.8552127511403785,31,2.4294670846394983,152,2.7787934186471666,3.8401253918495297,18.574040219378425
hgb,0.7,0.7,0.8296322406297733,0.8776633917272881,0.7906539773262233,0.8544786267422397,31,2.4294670846394983,153,2.797074954296161,3.8401253918495297,18.555758683729433
hgb,0.75,0.4,0.8204676301257197,0.8840248650055322,0.7866930294141581,0.8452626380706311,25,1.9592476489028214,177,3.235831809872029,3.918495297805643,20.76782449725777
hgb,0.75,0.45,0.8199976500998708,0.883996135565038,0.7868707900373879,0.8453805358292846,25,1.9592476489028214,179,3.272394881170018,3.918495297805643,20.73126142595978
hgb,0.75,0.5,0.8191751850546352,0.8829133947764148,0.7862916066902208,0.8451785285813466,25,1.9592476489028214,181,3.308957952468007,3.918495297805643,20.694698354661792
hgb,0.75,0.55,0.8182352250029373,0.8812039930670131,0.7849579852151828,0.8445531735450266,25,1.9592476489028214,181,3.308957952468007,3.918495297805643,20.694698354661792
hgb,0.75,0.6,0.8169427799318529,0.8792665514236891,0.783357158267789,0.8437204660278685,25,1.9592476489028214,182,3.3272394881170015,3.918495297805643,20.676416819012797
hgb,0.75,0.65,0.8150628598284573,0.8762607337119892,0.7810238927102837,0.842572478129286,25,1.9592476489028214,183,3.345521023765996,3.918495297805643,20.6581352833638
hgb,0.75,0.7,0.8137704147573728,0.8741167992151135,0.7794844830613199,0.8418620921185939,25,1.9592476489028214,184,3.3638025594149914,3.918495297805643,20.63985374771481
hgb,0.8,0.4,0.8050757842791681,0.8820849223856962,0.7764190764667924,0.8328518851751983,18,1.4106583072100314,204,3.729433272394881,3.918495297805643,22.943327239488116
hgb,0.8,0.45,0.8046058042533192,0.8820561929452022,0.7766516504286242,0.8329878934474743,18,1.4106583072100314,206,3.76599634369287,3.918495297805643,22.906764168190126
hgb,0.8,0.5,0.8037833392080836,0.8809734521565791,0.7761364918021798,0.8328054514136365,18,1.4106583072100314,208,3.8025594149908595,3.918495297805643,22.87020109689214
hgb,0.8,0.55,0.8028433791563858,0.8792640504471774,0.7748385995956527,0.8321900876426267,18,1.4106583072100314,208,3.8025594149908595,3.918495297805643,22.87020109689214
hgb,0.8,0.6,0.8015509340853014,0.8773266088038534,0.7732875342368778,0.831374600176231,18,1.4106583072100314,209,3.820840950639854,3.918495297805643,22.851919561243143
hgb,0.8,0.65,0.7996710139819058,0.8743207910921532,0.7710351491595535,0.8302530548905839,18,1.4106583072100314,210,3.8391224862888484,3.918495297805643,22.833638025594148
hgb,0.8,0.7,0.7983785689108213,0.8721768565952775,0.7695595416668151,0.8295626817997108,18,1.4106583072100314,211,3.857404021937843,3.918495297805643,22.815356489945156
hgb,0.85,0.4,0.7813417929737986,0.8736778738883618,0.7597649515281897,0.8133985386136974,11,0.8620689655172413,243,4.442413162705668,4.231974921630094,25.996343692870198
hgb,0.85,0.45,0.7808718129479497,0.8736491444478677,0.7600744141535394,0.8135599937728598,11,0.8620689655172413,245,4.478976234003657,4.231974921630094,25.95978062157221
hgb,0.85,0.5,0.7800493479027142,0.8725664036592445,0.759645663173088,0.8134040714923398,11,0.8620689655172413,247,4.515539305301646,4.231974921630094,25.923217550274224
hgb,0.85,0.55,0.7791093878510164,0.8708570019498428,0.7583945019840425,0.8128017754949883,11,0.8620689655172413,247,4.515539305301646,4.231974921630094,25.923217550274224
hgb,0.85,0.6,0.7778169427799319,0.8689195603065188,0.7569119404123319,0.8120101342661594,11,0.8620689655172413,248,4.53382084095064,4.231974921630094,25.90493601462523
hgb,0.85,0.65,0.7759370226765362,0.8659137425948188,0.7547691534428781,0.8109246686311201,11,0.8620689655172413,249,4.552102376599635,4.231974921630094,25.886654478976233
hgb,0.85,0.7,0.7746445776054518,0.8637698080979431,0.7533792352462432,0.8102613423660876,11,0.8620689655172413,250,4.570383912248629,4.231974921630094,25.868372943327238
hgb,0.9,0.4,0.7496181412289977,0.8632863570150116,0.7384678781666462,0.7855157945242414,7,0.54858934169279,312,5.703839122486289,4.310344827586207,29.798903107861058
hgb,0.9,0.45,0.7491481612031489,0.8632576275745174,0.7388512445223637,0.7857041182371226,7,0.54858934169279,314,5.740402193784278,4.310344827586207,29.762340036563074
hgb,0.9,0.5,0.7483256961579133,0.8621748867858943,0.738505138539267,0.7855750117804439,7,0.54858934169279,316,5.776965265082267,4.310344827586207,29.725776965265084
hgb,0.9,0.55,0.7473857361062155,0.8604654850764926,0.737297697784983,0.7849849416830726,7,0.54858934169279,316,5.776965265082267,4.310344827586207,29.725776965265084
hgb,0.9,0.6,0.746093291035131,0.8585280434331686,0.7358858492487829,0.7842204485296435,7,0.54858934169279,317,5.795246800731261,4.310344827586207,29.70749542961609
hgb,0.9,0.65,0.7442133709317355,0.8555222257214685,0.7338538931353819,0.7831745178240146,7,0.54858934169279,318,5.813528336380256,4.310344827586207,29.689213893967093
hgb,0.9,0.7,0.742920925860651,0.8533782912245929,0.7325492065484682,0.7825398778627205,7,0.54858934169279,319,5.83180987202925,4.310344827586207,29.670932358318097
hgb,0.95,0.4,0.6891082129009517,0.8426705713151976,0.6997883434279036,0.7293520143560439,4,0.3134796238244514,435,7.952468007312614,4.38871473354232,37.12979890310786
hgb,0.95,0.45,0.6886382328751028,0.8426418418747035,0.7002708172073849,0.7295779285904717,4,0.3134796238244514,437,7.989031078610603,4.38871473354232,37.09323583180987
hgb,0.95,0.5,0.6878157678298672,0.8415591010860803,0.700038967360269,0.7294866735810925,4,0.3134796238244514,439,8.025594149908592,4.38871473354232,37.05667276051188
hgb,0.95,0.55,0.6868758077781695,0.8398496993766786,0.6988930309883776,0.7289138024533013,4,0.3134796238244514,439,8.025594149908592,4.38871473354232,37.05667276051188
hgb,0.95,0.6,0.685583362707085,0.8379122577333546,0.6975811076244111,0.7281889991053516,4,0.3134796238244514,440,8.043875685557587,4.38871473354232,37.038391224862885
hgb,0.95,0.65,0.6837034426036893,0.8349064400216546,0.6957065525618404,0.7272006960748337,4,0.3134796238244514,441,8.062157221206581,4.38871473354232,37.02010968921389
hgb,0.95,0.7,0.6824109975326048,0.8327625055247789,0.6945232022965554,0.7266077205283276,4,0.3134796238244514,442,8.080438756855576,4.38871473354232,37.0018281535649
mlp,0.7,0.4,0.8849723886734814,0.841592193172452,0.8171167024032788,0.8905551085657033,54,4.231974921630094,101,1.846435100548446,3.1347962382445136,8.263254113345521
mlp,0.7,0.45,0.884267418634708,0.8413426061581591,0.8166137418381513,0.8902096156731792,54,4.231974921630094,103,1.882998171846435,3.1347962382445136,8.226691042047532
mlp,0.7,0.5,0.8834449535894724,0.8400533725159843,0.8153684795475113,0.8897274048968834,54,4.231974921630094,106,1.9378427787934187,3.1347962382445136,8.171846435100548
mlp,0.7,0.55,0.8822700035248502,0.8383296060863356,0.8136336108658274,0.8890339211197174,54,4.231974921630094,108,1.9744058500914077,3.1347962382445136,8.135283363802559
mlp,0.7,0.6,0.8822700035248502,0.8389490846469906,0.8141197148936528,0.8892032723860838,54,4.231974921630094,109,1.992687385740402,3.1347962382445136,8.117001828153565
mlp,0.7,0.65,0.8808600634473035,0.8374174463506464,0.8123933307838788,0.8884268266950247,54,4.231974921630094,110,2.010968921389397,3.1347962382445136,8.09872029250457
mlp,0.7,0.7,0.8796851133826812,0.8354871870674461,0.8105489561103836,0.8876506293527551,54,4.231974921630094,112,2.047531992687386,3.1347962382445136,8.062157221206581
mlp,0.75,0.4,0.8805075784279168,0.8494456486360048,0.8153035082114708,0.8883413434590067,42,3.2915360501567394,108,1.9744058500914077,3.369905956112853,9.396709323583181
mlp,0.75,0.45,0.8798026083891435,0.8491960616217118,0.8148074886854417,0.8879987038787475,42,3.2915360501567394,110,2.010968921389397,3.369905956112853,9.360146252285192
mlp,0.75,0.5,0.8789801433439078,0.847906827979537,0.813628192922317,0.887535843023009,42,3.2915360501567394,113,2.0658135283363803,3.369905956112853,9.305301645338208
mlp,0.75,0.55,0.8778051932792856,0.8461830615498882,0.811972826063542,0.8868651880504602,42,3.2915360501567394,115,2.1023765996343693,3.369905956112853,9.268738574040219
mlp,0.75,0.6,0.8778051932792856,0.8468025401105432,0.8124482353749173,0.8870321417280789,42,3.2915360501567394,116,2.1206581352833638,3.369905956112853,9.250457038391225
mlp,0.75,0.65,0.8763952532017389,0.8452709018141991,0.8107850463255573,0.8862739568713557,42,3.2915360501567394,117,2.1389396709323583,3.369905956112853,9.23217550274223
mlp,0.75,0.7,0.8752203031371166,0.8433406425309986,0.8090100312598236,0.8855178859304709,42,3.2915360501567394,119,2.1755027422303472,3.369905956112853,9.195612431444241
mlp,0.8,0.4,0.8711079779109387,0.8554513890603515,0.8095164757186125,0.8816001352260621,38,2.978056426332288,132,2.413162705667276,3.526645768025078,10.914076782449726
mlp,0.8,0.45,0.8704030078721654,0.8552018020460586,0.8090372823909013,0.8812655666388259,38,2.978056426332288,134,2.4497257769652654,3.526645768025078,10.877513711151737
mlp,0.8,0.5,0.8695805428269299,0.8539125684038837,0.8079358915604724,0.8808278331715005,38,2.978056426332288,137,2.5045703839122484,3.526645768025078,10.822669104204753
mlp,0.8,0.55,0.8684055927623076,0.852188801974235,0.8063709453657554,0.8801846784215731,38,2.978056426332288,139,2.5411334552102374,3.526645768025078,10.786106032906764
mlp,0.8,0.6,0.8684055927623076,0.85280828053489,0.8068411283617528,0.8803523754750573,38,2.978056426332288,140,2.5594149908592323,3.526645768025078,10.767824497257768
mlp,0.8,0.65,0.8669956526847609,0.8512766422385458,0.80525246576791,0.8796172256660176,38,2.978056426332288,141,2.577696526508227,3.526645768025078,10.749542961608775
mlp,0.8,0.7,0.8658207026201387,0.8493463829553454,0.803558287072095,0.8788864886092087,38,2.978056426332288,143,2.6142595978062158,3.526645768025078,10.712979890310786
mlp,0.85,0.4,0.8570085771354717,0.8590324445619879,0.799576433412575,0.8706996596344355,26,2.037617554858934,174,3.180987202925046,3.8401253918495297,12.870201096892139
mlp,0.85,0.45,0.8563036070966984,0.858782857547695,0.7991380021735193,0.8703816803404081,26,2.037617554858934,176,3.2175502742230346,3.8401253918495297,12.83363802559415
mlp,0.85,0.5,0.8554811420514629,0.8574936239055202,0.7981336315746344,0.869976230872412,26,2.037617554858934,179,3.272394881170018,3.8401253918495297,12.778793418647167
mlp,0.85,0.55,0.8543061919868405,0.8557698574758714,0.7966824854381025,0.8693683140805125,26,2.037617554858934,181,3.308957952468007,3.8401253918495297,12.742230347349176
mlp,0.85,0.6,0.8543061919868405,0.8563893360365264,0.7971594889544584,0.8695413172487467,26,2.037617554858934,182,3.3272394881170015,3.8401253918495297,12.723948811700184
mlp,0.85,0.65,0.8528962519092939,0.8548576977401823,0.7956765215899672,0.8688391065046465,26,2.037617554858934,183,3.345521023765996,3.8401253918495297,12.705667276051189
mlp,0.85,0.7,0.8517213018446717,0.8529274384569818,0.7940828907359508,0.8681406921573598,26,2.037617554858934,185,3.3820840950639854,3.8401253918495297,12.669104204753198
mlp,0.9,0.4,0.83632945599812,0.8619242300406571,0.7860080634610851,0.854627769678126,23,1.8025078369905956,215,3.930530164533821,3.8401253918495297,15.904936014625228
mlp,0.9,0.45,0.8356244859593467,0.8616746430263642,0.7856125982194249,0.8543265776983813,23,1.8025078369905956,217,3.96709323583181,3.8401253918495297,15.86837294332724
mlp,0.9,0.5,0.8348020209141112,0.8603854093841894,0.7847208910090384,0.8539573732987084,23,1.8025078369905956,220,4.021937842778794,3.8401253918495297,15.813528336380255
mlp,0.9,0.55,0.833627070849489,0.8586616429545406,0.7834044476204274,0.8533902667910003,23,1.8025078369905956,222,4.058500914076783,3.8401253918495297,15.776965265082266
mlp,0.9,0.6,0.833627070849489,0.8592811215151956,0.7838858258226142,0.8535676214090074,23,1.8025078369905956,223,4.076782449725777,3.8401253918495297,15.758683729433272
mlp,0.9,0.65,0.8322171307719421,0.8577494832188515,0.7825275804274654,0.8529034017450499,23,1.8025078369905956,224,4.095063985374772,3.8401253918495297,15.740402193784279
mlp,0.9,0.7,0.8310421807073199,0.855819223935651,0.7810529247632572,0.8522421303336414,23,1.8025078369905956,226,4.131627056672761,3.8401253918495297,15.703839122486288
mlp,0.95,0.4,0.7919163435553989,0.8567094088735274,0.7552283739991064,0.8185264838327053,15,1.1755485893416928,321,5.868372943327239,3.8401253918495297,21.553930530164532
mlp,0.95,0.45,0.7912113735166255,0.8564598218592344,0.7549235118597815,0.8182622015881903,15,1.1755485893416928,323,5.904936014625228,3.8401253918495297,21.517367458866545
mlp,0.95,0.5,0.79038890847139,0.8551705882170596,0.7542143271840012,0.8179555349562154,15,1.1755485893416928,326,5.959780621572213,3.8401253918495297,21.46252285191956
mlp,0.95,0.55,0.7892139584067677,0.8534468217874108,0.7531115455233275,0.817455799440626,15,1.1755485893416928,328,5.996343692870202,3.8401253918495297,21.42595978062157
mlp,0.95,0.6,0.7892139584067677,0.8540663003480659,0.7536167656206063,0.8176474108337659,15,1.1755485893416928,329,6.014625228519196,3.8401253918495297,21.407678244972576
mlp,0.95,0.65,0.787804018329221,0.8525346620517217,0.752466423708126,0.81704888541536,15,1.1755485893416928,330,6.032906764168191,3.8401253918495297,21.389396709323584
mlp,0.95,0.7,0.7866290682645988,0.8506044027685212,0.7511833270460677,0.8164505804880141,15,1.1755485893416928,332,6.06946983546618,3.8401253918495297,21.352833638025594
