model,red_threshold,green_threshold,accuracy,balanced_accuracy,macro_f1,weighted_f1,critical_errors,critical_error_rate,false_alarms,false_alarm_rate,red_to_yellow_rate,green_to_yellow_rate
hgb,0.2,0.97,0.810245564563506,0.8798381456267794,0.8203346173795504,0.8221613360514743,16,1.2539184952978055,83,1.517367458866545,4.702194357366771,25.685557586837295
hgb,0.25,0.97,0.8097755845376572,0.8785037111185635,0.8209496737600338,0.8222980864983217,16,1.2539184952978055,66,1.206581352833638,5.329153605015674,25.996343692870198
hgb,0.3,0.97,0.8094230995182705,0.8774305096302014,0.8209440313266251,0.8222524190898328,16,1.2539184952978055,60,1.0968921389396709,5.877742946708464,26.10603290676417
hgb,0.35,0.97,0.8086006344730349,0.8753123760624244,0.8200403395262107,0.8217873119569453,16,1.2539184952978055,56,1.023765996343693,6.739811912225706,26.179159049360145
hgb,0.4,0.97,0.807660674421337,0.8731501362963945,0.8187959791512949,0.8211480184062565,16,1.2539184952978055,53,0.9689213893967094,7.445141065830721,26.23400365630713
hgb,0.45,0.97,0.8067207143696393,0.8709878965303646,0.8180986388487458,0.8207004179704364,16,1.2539184952978055,43,0.7861060329067643,8.150470219435736,26.416819012797077
hgb,0.5,0.97,0.8063682293502527,0.8700594462564029,0.8180565407915434,0.8206256679786741,16,1.2539184952978055,37,0.676416819012797,8.5423197492163,26.526508226691043
hgb,0.55,0.97,0.8054282692985548,0.8678972064903729,0.8168035264035867,0.8199838957623661,16,1.2539184952978055,34,0.6215722120658135,9.247648902821316,26.58135283363803
hgb,0.6,0.97,0.804958289272706,0.8666351475893572,0.8163516412219728,0.8197480796093727,16,1.2539184952978055,31,0.56672760511883,9.796238244514106,26.636197440585008
hgb,0.65,0.97,0.8043708142403948,0.8653289824900887,0.8157236250186566,0.8193962763572911,16,1.2539184952978055,27,0.4936014625228519,10.18808777429467,26.70932358318099
hgb,0.7,0.97,0.8031958641757725,0.8625719010771511,0.814176872702273,0.8186076377535705,16,1.2539184952978055,23,0.4204753199268739,11.128526645768025,26.782449725776964
hgb,0.2,0.975,0.7994360239689813,0.8748714028302053,0.8124434715514006,0.8123025892781023,14,1.09717868338558,83,1.517367458866545,4.858934169278997,27.45886654478976
hgb,0.25,0.975,0.7989660439431324,0.8735369683219893,0.8130985790304566,0.8124642569575826,14,1.09717868338558,66,1.206581352833638,5.4858934169279,27.769652650822668
hgb,0.3,0.975,0.7986135589237457,0.8724637668336271,0.8131115986085214,0.812430199859369,14,1.09717868338558,60,1.0968921389396709,6.0344827586206895,27.879341864716633
hgb,0.35,0.975,0.7977910938785102,0.87034563326585,0.8122298505738131,0.8119787447344023,14,1.09717868338558,56,1.023765996343693,6.896551724137931,27.952468007312614
hgb,0.4,0.975,0.7968511338268124,0.8681833934998201,0.8110050583851726,0.8113516252580089,14,1.09717868338558,53,0.9689213893967094,7.601880877742946,28.0073126142596
hgb,0.45,0.975,0.7959111737751146,0.8660211537337902,0.8103389748108455,0.8109234707599089,14,1.09717868338558,43,0.7861060329067643,8.307210031347962,28.190127970749547
hgb,0.5,0.975,0.7955586887557279,0.8650927034598285,0.8103134080586857,0.8108590054891194,14,1.09717868338558,37,0.676416819012797,8.699059561128527,28.299817184643512
hgb,0.55,0.975,0.79461872870403,0.8629304636937986,0.8090794535959563,0.8102290911395812,14,1.09717868338558,34,0.6215722120658135,9.404388714733543,28.35466179159049
hgb,0.6,0.975,0.7941487486781812,0.8616684047927831,0.8086412227030259,0.8100017698119408,14,1.09717868338558,31,0.56672760511883,9.952978056426334,28.409506398537477
hgb,0.65,0.975,0.79356127364587,0.8603622396935146,0.808028054924056,0.8096592043000678,14,1.09717868338558,27,0.4936014625228519,10.344827586206897,28.482632541133455
hgb,0.7,0.975,0.7923863235812478,0.8576051582805769,0.8065055522064739,0.808885652246183,14,1.09717868338558,23,0.4204753199268739,11.285266457680251,28.555758683729433
hgb,0.2,0.98,0.7836916931030431,0.8672173260822814,0.8009794731569455,0.7978622764780902,10,0.7836990595611284,83,1.517367458866545,5.172413793103448,29.981718464351005
hgb,0.25,0.98,0.7832217130771942,0.8658828915740656,0.8016887279544339,0.7980576311568774,10,0.7836990595611284,66,1.206581352833638,5.799373040752351,30.29250457038391
hgb,0.3,0.98,0.7828692280578076,0.8648096900857034,0.8017270611065622,0.7980393225458764,10,0.7836990595611284,60,1.0968921389396709,6.347962382445141,30.40219378427788
hgb,0.35,0.98,0.7820467630125719,0.8626915565179264,0.8008750638855832,0.7976063764749217,10,0.7836990595611284,56,1.023765996343693,7.210031347962382,30.475319926873855
hgb,0.4,0.98,0.7811068029608742,0.8605293167518964,0.7996767218906058,0.7969957126177794,10,0.7836990595611284,53,0.9689213893967094,7.915360501567398,30.53016453382084
hgb,0.45,0.98,0.7801668429091764,0.8583670769858665,0.799052881311042,0.7965938390099709,10,0.7836990595611284,43,0.7861060329067643,8.620689655172415,30.712979890310788
hgb,0.5,0.98,0.7798143578897897,0.8574386267119048,0.7990497152083874,0.7965433099909885,10,0.7836990595611284,37,0.676416819012797,9.012539184952978,30.822669104204753
hgb,0.55,0.98,0.7788743978380919,0.8552763869458749,0.7978415482568271,0.7959294389820261,10,0.7836990595611284,34,0.6215722120658135,9.717868338557993,30.87751371115174
hgb,0.6,0.98,0.778404417812243,0.8540143280448592,0.7974218767974772,0.795713664147255,10,0.7836990595611284,31,0.56672760511883,10.266457680250783,30.932358318098718
hgb,0.65,0.98,0.7778169427799319,0.8527081629455907,0.796828779377261,0.7953835851292838,10,0.7836990595611284,27,0.4936014625228519,10.658307210031348,31.0054844606947
hgb,0.7,0.98,0.7766419927153096,0.8499510815326531,0.795339134890153,0.7946304753654191,10,0.7836990595611284,23,0.4204753199268739,11.598746081504702,31.078610603290674
hgb,0.2,0.985,0.761250146868758,0.8560897575610489,0.7848438449691183,0.7769693782388902,6,0.4702194357366771,83,1.517367458866545,5.4858934169279,33.54661791590494
hgb,0.25,0.985,0.7607801668429092,0.8547553230528329,0.7856217554939083,0.7772074461213037,6,0.4702194357366771,66,1.206581352833638,6.112852664576803,33.85740402193784
hgb,0.3,0.985,0.7604276818235225,0.8536821215644709,0.7856920035211368,0.7772089929049277,6,0.4702194357366771,60,1.0968921389396709,6.661442006269593,33.96709323583181
hgb,0.35,0.985,0.759605216778287,0.8515639879966937,0.7848775992520993,0.7767994347649485,6,0.4702194357366771,56,1.023765996343693,7.523510971786834,34.040219378427786
hgb,0.4,0.985,0.7586652567265891,0.8494017482306638,0.7837129273735995,0.7762097183013849,6,0.4702194357366771,53,0.9689213893967094,8.22884012539185,34.09506398537477
hgb,0.45,0.985,0.7577252966748913,0.8472395084646339,0.7831429344409168,0.775841345256405,6,0.4702194357366771,43,0.7861060329067643,8.934169278996865,34.27787934186471
hgb,0.5,0.985,0.7573728116555046,0.8463110581906722,0.7831682021675195,0.7758085059479054,6,0.4702194357366771,37,0.676416819012797,9.32601880877743,34.38756855575868
hgb,0.55,0.985,0.7564328516038068,0.8441488184246423,0.7819928932686206,0.7752150771183393,6,0.4702194357366771,34,0.6215722120658135,10.031347962382444,34.44241316270566
hgb,0.6,0.985,0.7559628715779579,0.8428867595236267,0.7815966777451426,0.7750138950670766,6,0.4702194357366771,31,0.56672760511883,10.579937304075235,34.49725776965265
hgb,0.65,0.985,0.7553753965456468,0.8415805944243581,0.7810292341888814,0.7746997762429301,6,0.4702194357366771,27,0.4936014625228519,10.9717868338558,34.57038391224863
hgb,0.7,0.985,0.7542004464810246,0.8388235130114204,0.7795814291202463,0.7739726962899943,6,0.4702194357366771,23,0.4204753199268739,11.912225705329153,34.643510054844604
hgb,0.2,0.99,0.7312889202208906,0.8413179660223443,0.7636178642304006,0.7483485048055111,4,0.3134796238244514,83,1.517367458866545,5.6426332288401255,38.318098720292504
hgb,0.25,0.99,0.7308189401950417,0.8399835315141283,0.7644743946467624,0.748635484957443,4,0.3134796238244514,66,1.206581352833638,6.269592476489027,38.62888482632541
hgb,0.3,0.99,0.730466455175655,0.8389103300257662,0.7645806604570465,0.7486594397026793,4,0.3134796238244514,60,1.0968921389396709,6.8181818181818175,38.738574040219376
hgb,0.35,0.99,0.7296439901304195,0.8367921964579891,0.7638088942126352,0.7482764082153136,4,0.3134796238244514,56,1.023765996343693,7.6802507836990594,38.81170018281536
hgb,0.4,0.99,0.7287040300787216,0.8346299566919594,0.762683090464618,0.7477108730172776,4,0.3134796238244514,53,0.9689213893967094,8.385579937304074,38.866544789762344
hgb,0.45,0.99,0.7277640700270238,0.8324677169259292,0.7621754362659748,0.7473812831466299,4,0.3134796238244514,43,0.7861060329067643,9.090909090909092,39.04936014625229
hgb,0.5,0.99,0.7274115850076371,0.8315392666519678,0.76223326637965,0.7473687020733021,4,0.3134796238244514,37,0.676416819012797,9.482758620689655,39.159049360146255
hgb,0.55,0.99,0.7264716249559394,0.8293770268859376,0.7610959275601417,0.7467988957992961,4,0.3134796238244514,34,0.6215722120658135,10.18808777429467,39.21389396709324
hgb,0.6,0.99,0.7260016449300905,0.8281149679849221,0.7607262614910694,0.7466142311209719,4,0.3134796238244514,31,0.56672760511883,10.736677115987462,39.26873857404022
hgb,0.65,0.99,0.7254141698977793,0.8268088028856534,0.7601886732132414,0.7463186863420965,4,0.3134796238244514,27,0.4936014625228519,11.128526645768025,39.3418647166362
hgb,0.7,0.99,0.7242392198331571,0.8240517214727158,0.7587890861507444,0.7456216045494829,4,0.3134796238244514,23,0.4204753199268739,12.068965517241379,39.41499085923218
hgb,0.2,0.995,0.6690165667959111,0.8097881001387282,0.7195042557806475,0.6858188513425667,1,0.07836990595611285,83,1.517367458866545,5.877742946708464,48.11700182815357
hgb,0.25,0.995,0.6685465867700623,0.8084536656305121,0.7204907372094724,0.6861866787052838,1,0.07836990595611285,66,1.206581352833638,6.5047021943573675,48.42778793418647
hgb,0.3,0.995,0.6681941017506756,0.8073804641421499,0.7206555602256364,0.6862470639998248,1,0.07836990595611285,60,1.0968921389396709,7.053291536050156,48.53747714808044
hgb,0.35,0.995,0.66737163670544,0.805262330574373,0.7199535342492615,0.685907420447984,1,0.07836990595611285,56,1.023765996343693,7.915360501567398,48.610603290676416
hgb,0.4,0.995,0.6664316766537423,0.8031000908083431,0.7188926049660633,0.6853822459938345,1,0.07836990595611285,53,0.9689213893967094,8.620689655172415,48.6654478976234
hgb,0.45,0.995,0.6654917166020444,0.8009378510423132,0.7184893542540824,0.6851176092969474,1,0.07836990595611285,43,0.7861060329067643,9.32601880877743,48.84826325411334
hgb,0.5,0.995,0.6651392315826578,0.8000094007683515,0.7186010741666657,0.6851385550107444,1,0.07836990595611285,37,0.676416819012797,9.717868338557993,48.95795246800731
hgb,0.55,0.995,0.6641992715309599,0.7978471610023216,0.7175272230620124,0.6846082467334672,1,0.07836990595611285,34,0.6215722120658135,10.423197492163009,49.01279707495429
hgb,0.6,0.995,0.6637292915051111,0.796585102101306,0.717200928343758,0.6844505649364236,1,0.07836990595611285,31,0.56672760511883,10.9717868338558,49.06764168190128
hgb,0.65,0.995,0.6631418164727999,0.7952789370020373,0.7167136628201564,0.6841863277575517,1,0.07836990595611285,27,0.4936014625228519,11.363636363636363,49.14076782449725
hgb,0.7,0.995,0.6619668664081777,0.7925218555890997,0.7153944962712052,0.6835392784663156,1,0.07836990595611285,23,0.4204753199268739,12.304075235109718,49.213893967093234
hgb_final,0.2,0.97,0.8978968393843262,0.9446746147656153,0.9036495006994651,0.9033068777985176,3,0.23510971786833856,12,0.21937842778793418,0.3918495297805642,15.411334552102376
hgb_final,0.25,0.97,0.8977793443778639,0.9444133817457615,0.9035928756135453,0.9032497074480359,3,0.23510971786833856,10,0.18281535648994515,0.4702194357366771,15.447897623400367
hgb_final,0.3,0.97,0.8977793443778639,0.9444133817457615,0.9037295872440912,0.9032900858116293,3,0.23510971786833856,8,0.14625228519195613,0.4702194357366771,15.484460694698354
hgb_final,0.35,0.97,0.8977793443778639,0.9444133817457615,0.9037981374256389,0.9033103696466596,3,0.23510971786833856,7,0.12797074954296161,0.4702194357366771,15.50274223034735
hgb_final,0.4,0.97,0.8976618493714017,0.9441521487259079,0.903605379410028,0.9032131294802216,3,0.23510971786833856,7,0.12797074954296161,0.54858934169279,15.50274223034735
hgb_final,0.45,0.97,0.8976618493714017,0.9441521487259079,0.9037429235222231,0.903253920810296,3,0.23510971786833856,5,0.09140767824497258,0.54858934169279,15.539305301645337
hgb_final,0.5,0.97,0.8976618493714017,0.9441521487259079,0.9037429235222231,0.903253920810296,3,0.23510971786833856,5,0.09140767824497258,0.54858934169279,15.539305301645337
hgb_final,0.55,0.97,0.897309364352015,0.9433684496663467,0.9031643598261709,0.9029621277436906,3,0.23510971786833856,5,0.09140767824497258,0.7836990595611284,15.539305301645337
hgb_final,0.6,0.97,0.8971918693455528,0.943107216646493,0.9029713537265464,0.9028648048324391,3,0.23510971786833856,5,0.09140767824497258,0.8620689655172413,15.539305301645337
hgb_final,0.65,0.97,0.8970743743390905,0.9428459836266393,0.9027782716243128,0.9027674525319492,3,0.23510971786833856,5,0.09140767824497258,0.9404388714733543,15.539305301645337
hgb_final,0.7,0.97,0.8969568793326284,0.9425847506067856,0.9025851133779245,0.9026700707752789,3,0.23510971786833856,5,0.09140767824497258,1.018808777429467,15.539305301645337
hgb_final,0.2,0.975,0.8833274585830102,0.9372461656578542,0.891721170681199,0.8900781750880965,1,0.07836990595611285,12,0.21937842778793418,0.54858934169279,17.69652650822669
hgb_final,0.25,0.975,0.883209963576548,0.9369849326380008,0.8916747579124626,0.8900273581883826,1,0.07836990595611285,10,0.18281535648994515,0.6269592476489028,17.73308957952468
hgb_final,0.3,0.975,0.883209963576548,0.9369849326380008,0.8918182662184377,0.8900719650088434,1,0.07836990595611285,8,0.14625228519195613,0.6269592476489028,17.76965265082267
hgb_final,0.35,0.975,0.883209963576548,0.9369849326380008,0.8918902112831363,0.8900943609230987,1,0.07836990595611285,7,0.12797074954296161,0.6269592476489028,17.787934186471663
hgb_final,0.4,0.975,0.8830924685700857,0.9367236996181468,0.8917008458504037,0.889999231404803,1,0.07836990595611285,7,0.12797074954296161,0.7053291536050157,17.787934186471663
hgb_final,0.45,0.975,0.8830924685700857,0.9367236996181468,0.8918451682358318,0.8900442397430749,1,0.07836990595611285,5,0.09140767824497258,0.7053291536050157,17.824497257769654
hgb_final,0.5,0.975,0.8830924685700857,0.9367236996181468,0.8918451682358318,0.8900442397430749,1,0.07836990595611285,5,0.09140767824497258,0.7053291536050157,17.824497257769654
hgb_final,0.55,0.975,0.882739983550699,0.9359400005585857,0.8912767547493666,0.8897587614878623,1,0.07836990595611285,5,0.09140767824497258,0.9404388714733543,17.824497257769654
hgb_final,0.6,0.975,0.8826224885442369,0.935678767538732,0.8910871274744635,0.8896635406653078,1,0.07836990595611285,5,0.09140767824497258,1.018808777429467,17.824497257769654
hgb_final,0.65,0.975,0.8825049935377747,0.9354175345188783,0.89089742191115,0.8895682890314355,1,0.07836990595611285,5,0.09140767824497258,1.09717868338558,17.824497257769654
hgb_final,0.7,0.975,0.8823874985313124,0.9351563014990246,0.8907076379199387,0.8894730065205838,1,0.07836990595611285,5,0.09140767824497258,1.1755485893416928,17.824497257769654
hgb_final,0.2,0.98,0.8695805428269299,0.9301163667547465,0.8807620612764181,0.8775770577077869,1,0.07836990595611285,12,0.21937842778793418,0.54858934169279,19.83546617915905
hgb_final,0.25,0.98,0.8694630478204677,0.9298551337348928,0.8807243382530902,0.8775316470120371,1,0.07836990595611285,10,0.18281535648994515,0.6269592476489028,19.87202925045704
hgb_final,0.3,0.98,0.8694630478204677,0.9298551337348928,0.880873630202097,0.8775798520453816,1,0.07836990595611285,8,0.14625228519195613,0.6269592476489028,19.908592321755027
hgb_final,0.35,0.98,0.8694630478204677,0.9298551337348928,0.8809484642371456,0.8776040452922657,1,0.07836990595611285,7,0.12797074954296161,0.6269592476489028,19.926873857404022
hgb_final,0.4,0.98,0.8693455528140054,0.9295939007150391,0.8807619858762065,0.8775107119254384,1,0.07836990595611285,7,0.12797074954296161,0.7053291536050157,19.926873857404022
hgb_final,0.45,0.98,0.8693455528140054,0.9295939007150391,0.8809120767162039,0.8775593090273037,1,0.07836990595611285,5,0.09140767824497258,0.7053291536050157,19.96343692870201
hgb_final,0.5,0.98,0.8693455528140054,0.9295939007150391,0.8809120767162039,0.8775593090273037,1,0.07836990595611285,5,0.09140767824497258,0.7053291536050157,19.96343692870201
hgb_final,0.55,0.98,0.8689930677946187,0.9288102016554779,0.8803523017139425,0.8772792050846111,1,0.07836990595611285,5,0.09140767824497258,0.9404388714733543,19.96343692870201
hgb_final,0.6,0.98,0.8688755727881565,0.9285489686356242,0.8801655501543598,0.8771857733482538,1,0.07836990595611285,5,0.09140767824497258,1.018808777429467,19.96343692870201
hgb_final,0.65,0.98,0.8687580777816942,0.9282877356157705,0.8799787184194156,0.8770923096266379,1,0.07836990595611285,5,0.09140767824497258,1.09717868338558,19.96343692870201
hgb_final,0.7,0.98,0.868640582775232,0.9280265025959168,0.8797918063712725,0.876998813855129,1,0.07836990595611285,5,0.09140767824497258,1.1755485893416928,19.96343692870201
hgb_final,0.2,0.985,0.8476089766184937,0.9188487951606966,0.8637235134888211,0.8575957366052307,1,0.07836990595611285,12,0.21937842778793418,0.54858934169279,23.27239488117002
hgb_final,0.25,0.985,0.8474914816120315,0.9185875621408429,0.8636984240593785,0.8575581857237944,1,0.07836990595611285,10,0.18281535648994515,0.6269592476489028,23.308957952468006
hgb_final,0.3,0.985,0.8474914816120315,0.9185875621408429,0.8638561249756687,0.8576116222789065,1,0.07836990595611285,8,0.14625228519195613,0.6269592476489028,23.345521023765997
hgb_final,0.35,0.985,0.8474914816120315,0.9185875621408429,0.8639351594726099,0.8576384287845993,1,0.07836990595611285,7,0.12797074954296161,0.6269592476489028,23.36380255941499
hgb_final,0.4,0.985,0.8473739866055693,0.9183263291209892,0.8637528788954333,0.8575477070104196,1,0.07836990595611285,7,0.12797074954296161,0.7053291536050157,23.36380255941499
hgb_final,0.45,0.985,0.8473739866055693,0.9183263291209892,0.8639113572776581,0.857601522304753,1,0.07836990595611285,5,0.09140767824497258,0.7053291536050157,23.40036563071298
hgb_final,0.5,0.985,0.8473739866055693,0.9183263291209892,0.8639113572776581,0.857601522304753,1,0.07836990595611285,5,0.09140767824497258,0.7053291536050157,23.40036563071298
hgb_final,0.55,0.985,0.8470215015861826,0.9175426300614281,0.8633641435595285,0.8573292331898688,1,0.07836990595611285,5,0.09140767824497258,0.9404388714733543,23.40036563071298
hgb_final,0.6,0.985,0.8469040065797203,0.9172813970415744,0.8631815737625931,0.8572384030788452,1,0.07836990595611285,5,0.09140767824497258,1.018808777429467,23.40036563071298
hgb_final,0.65,0.985,0.8467865115732581,0.9170201640217207,0.8629989211280321,0.8571475393262727,1,0.07836990595611285,5,0.09140767824497258,1.09717868338558,23.40036563071298
hgb_final,0.7,0.985,0.8466690165667959,0.916758931001867,0.8628161855202651,0.8570566418689209,1,0.07836990595611285,5,0.09140767824497258,1.1755485893416928,23.40036563071298
hgb_final,0.2,0.99,0.8140054047702973,0.9016762357629688,0.8385316298190135,0.8268361411810963,1,0.07836990595611285,12,0.21937842778793418,0.54858934169279,28.537477148080438
hgb_final,0.25,0.99,0.8138879097638351,0.9014150027431151,0.8385232321436161,0.8268089748417431,1,0.07836990595611285,10,0.18281535648994515,0.6269592476489028,28.57404021937843
hgb_final,0.3,0.99,0.8138879097638351,0.9014150027431151,0.838692043985867,0.8268693239045467,1,0.07836990595611285,8,0.14625228519195613,0.6269592476489028,28.610603290676416
hgb_final,0.35,0.99,0.8138879097638351,0.9014150027431151,0.8387766288809786,0.8268995835130843,1,0.07836990595611285,7,0.12797074954296161,0.6269592476489028,28.62888482632541
hgb_final,0.4,0.99,0.8137704147573728,0.9011537697232614,0.8385998953290752,0.8268123127433484,1,0.07836990595611285,7,0.12797074954296161,0.7053291536050157,28.62888482632541
hgb_final,0.45,0.99,0.8137704147573728,0.9011537697232614,0.8387694576540664,0.8268730237581551,1,0.07836990595611285,5,0.09140767824497258,0.7053291536050157,28.6654478976234
hgb_final,0.5,0.99,0.8137704147573728,0.9011537697232614,0.8387694576540664,0.8268730237581551,1,0.07836990595611285,5,0.09140767824497258,0.7053291536050157,28.6654478976234
hgb_final,0.55,0.99,0.8134179297379861,0.9003700706637003,0.8382388446214843,0.8266110625283577,1,0.07836990595611285,5,0.09140767824497258,0.9404388714733543,28.6654478976234
hgb_final,0.6,0.99,0.8133004347315239,0.9001088376438466,0.8380618016696442,0.8265236708669615,1,0.07836990595611285,5,0.09140767824497258,1.018808777429467,28.6654478976234
hgb_final,0.65,0.99,0.8131829397250617,0.8998476046239929,0.8378846725263237,0.8264362434774628,1,0.07836990595611285,5,0.09140767824497258,1.09717868338558,28.6654478976234
hgb_final,0.7,0.99,0.8130654447185994,0.8995863716041392,0.8377074570586526,0.8263487802983165,1,0.07836990595611285,5,0.09140767824497258,1.1755485893416928,28.6654478976234
hgb_final,0.2,0.995,0.7542004464810246,0.8706585636118415,0.7952093647377447,0.770708488122245,0,0.0,12,0.21937842778793418,0.6269592476489028,37.842778793418645
hgb_final,0.25,0.995,0.7540829514745623,0.8703973305919878,0.7952245276539306,0.7706959796764925,0,0.0,10,0.18281535648994515,0.7053291536050157,37.879341864716636
hgb_final,0.3,0.995,0.7540829514745623,0.8703973305919878,0.7954090245008257,0.7707660869462742,0,0.0,8,0.14625228519195613,0.7053291536050157,37.91590493601463
hgb_final,0.35,0.995,0.7540829514745623,0.8703973305919878,0.7955014452912534,0.7708012215478443,0,0.0,7,0.12797074954296161,0.7053291536050157,37.93418647166362
hgb_final,0.4,0.995,0.7539654564681001,0.8701360975721341,0.795332543234396,0.770718823033574,0,0.0,7,0.12797074954296161,0.7836990595611284,37.93418647166362
hgb_final,0.45,0.995,0.7539654564681001,0.8701360975721341,0.7955177553618515,0.7707892703548131,0,0.0,5,0.09140767824497258,0.7836990595611284,37.970749542961606
hgb_final,0.5,0.995,0.7539654564681001,0.8701360975721341,0.7955177553618515,0.7707892703548131,0,0.0,5,0.09140767824497258,0.7836990595611284,37.970749542961606
hgb_final,0.55,0.995,0.7536129714487134,0.869352398512573,0.7950105841132515,0.7705418931041237,0,0.0,5,0.09140767824497258,1.018808777429467,37.970749542961606
hgb_final,0.6,0.995,0.7534954764422512,0.8690911654927191,0.7948413463239549,0.770459357315794,0,0.0,5,0.09140767824497258,1.09717868338558,37.970749542961606
hgb_final,0.65,0.995,0.7533779814357889,0.8688299324728656,0.7946720179659187,0.7703767830761106,0,0.0,5,0.09140767824497258,1.1755485893416928,37.970749542961606
hgb_final,0.7,0.995,0.7532604864293267,0.8685686994530117,0.794502598909547,0.7702941703255664,0,0.0,5,0.09140767824497258,1.2539184952978055,37.970749542961606
